date,yt_pred_time_trend_1_dummy,yt_pred_time_trend_2_dummy,yt_pred_time_trend_3_dummy,yt_true,yt_pred_time_trend_4_dummy,yt_pred_mlp_8,yt_pred_mlp_10,yt_pred_mlp_6,yt_pred_mlp_7
1946-01-01,1095.0249999999992,1444.198616180507,1197.389238901429,890,983.8811044314584,,,,
1946-02-01,1077.3934210526309,1417.7272045877276,1182.2558001361897,992,986.8343230431352,,,,
1946-03-01,1214.0776315789465,1545.5715803337537,1321.1474334396944,979,1143.2315308348143,,,,
1946-04-01,1322.1302631578938,1644.7843762768762,1431.1167703908925,959,1270.1404524475222,,,,
1946-05-01,1385.0249999999992,1698.83927674319,1495.637495200308,1110,1351.0498651538148,,,,
1946-06-01,1539.4986842105254,1844.473122881762,1651.4464499732069,1546,1522.7117041209972,,,,
1946-07-01,1929.709210526315,2225.843808421344,2042.7015294464293,1539,1929.2989571479563,,,,
1946-08-01,3034.4986842105254,3321.7934352765697,3148.244838883134,3401,3049.668822559904,,,,
1946-09-01,2284.709210526315,2563.16412667662,2398.918483546477,2092,2314.67849868203,,,,
1946-10-01,1815.6565789473675,2085.271657162996,1930.0382529101464,1436,1859.6588680500715,,,,
1946-11-01,1636.130263157894,1896.9055003584456,1750.3936206583494,1301,1693.414497410283,,,,
1946-12-01,1397.6039473684202,1649.5393429107253,1511.4582710016127,1287,1467.4341640352338,,,,
1947-01-01,1220.817543859648,1464.4041988594968,1362.532522178092,1488,1329.9953440402571,,,,
1947-02-01,1203.1859649122798,1438.9149915567698,1344.9249807775216,1517,1322.42089857368,1451.3338016444934,2038.1337670991563,2790.1641665804495,1235.7098079228556
1947-03-01,1339.8701754385957,1567.7415715928482,1481.374813379577,1707,1468.5013454551845,1451.3338016444934,2012.03790306395,2790.1641665804495,1320.0810255124115
1947-04-01,1447.922807017543,1667.9365718260235,1588.9346515632085,1729,1585.302732318902,1514.3873898764273,1969.330727386754,2790.1641665804495,1436.2215235849296
1947-05-01,1510.817543859648,1722.9736765823898,1651.0781795389391,1788,1656.3121594304955,1674.8542257971735,2196.652888630317,2790.1641665804495,1705.376764596047
1947-06-01,1665.2912280701746,1869.5897270110145,1804.542239412035,2008,1818.279884950376,1851.3595043830364,2210.4703151621306,2790.1641665804495,1903.223840133581
1947-07-01,2055.501754385964,2251.9426168406494,2193.484725919337,2203,2215.377219670536,2251.00752983856,1792.6291965377513,2790.1641665804495,2270.448114288564
1947-08-01,3160.291228070175,3348.874447985927,3296.747744324003,3713,3326.459684909294,2702.0741061394556,2724.008029568676,2790.1641665804495,2665.244909214264
1947-09-01,2410.501754385964,2591.22734367603,2545.1733998891905,2946,2582.382801984946,2622.5612775563204,2637.8919860219653,2790.1641665804495,2509.459785549147
1947-10-01,1941.4491228070167,2114.317078452459,2074.077482088585,2082,2118.475776426335,2286.7037470436308,2599.295716150167,2790.1641665804495,2170.6351313660953
1947-11-01,1761.9228070175432,1926.933125937961,1892.249464606396,2033,1943.5414979728223,1795.1314643586632,2139.6835309920325,2790.1641665804495,1760.671532924259
1947-12-01,1523.3964912280694,1680.5491727802937,1651.1630316531491,1937,1709.0670668900823,1656.38760769741,1860.5410453952632,2790.1641665804495,1635.550913835796
1948-01-01,1346.610087719297,1496.3962330191175,1500.118501467001,1711,1563.3282822865551,1683.2127950921767,2016.808207696582,2790.1641665804495,1674.4641475792864
1948-02-01,1328.978508771929,1471.889230006443,1480.4244806376846,1775,1547.6463283036735,1747.1132227385951,2263.0443011150437,2790.1641665804495,1627.933881906989
1948-03-01,1465.6627192982446,1601.698014332574,1614.8201357448766,1902,1685.8100457542257,1891.2275429538472,2282.533442667184,2790.1641665804495,1728.4588539258034
1948-04-01,1573.715350877192,1702.875218855802,1720.3580983675258,1846,1794.8838052654494,1999.940111851033,2313.237273374979,2790.1641665804495,1838.8655900748447
1948-05-01,1636.610087719297,1758.894527902221,1780.5120527161575,2083,1858.3530300961136,2080.3923366746,2496.326699950693,2790.1641665804495,2008.3372229942286
1948-06-01,1791.0837719298238,1906.4927826208984,1932.018840896036,2262,2012.966301399736,2290.3517420279627,2256.746988054168,2790.1641665804495,2241.8845681374796
1948-07-01,2181.2942982456134,2289.827876740585,2319.036357644003,2193,2402.8932529614144,2711.823395690435,2119.3855465394386,2790.1641665804495,2646.9525362352747
1948-08-01,3286.083771929824,3387.741912175916,3420.406708223216,3792,3506.987729092574,3045.479315234094,2964.494916523159,2790.1641665804495,2963.554383420331
1948-09-01,2536.2942982456134,2631.077012156072,2666.9719978968324,2343,2756.103574104616,3101.2879807923027,2831.839829031116,2790.1641665804495,2956.146722037185
1948-10-01,2067.241666666666,2155.148951222553,2194.0480161385376,2313,2285.5683165194914,2481.7765465837497,2486.274852367604,2790.1641665804495,2368.7074670702023
1948-11-01,1887.715350877192,1968.747202998108,2010.424236632542,2179,2104.1831690696663,2192.7862527888947,2344.5483471504094,2790.1641665804495,2135.2430919043586
1948-12-01,1649.1890350877184,1723.3454541304927,1767.5743435893703,1975,1863.4335550139208,2046.430974993423,2066.6586776539607,2790.1641665804495,1964.6136001579027
1949-01-01,1472.4026315789465,1540.174718659369,1614.7986552471796,1880,1711.5935964538016,1880.7371344546852,2113.277923028257,2790.1641665804495,1845.9564376674248
1949-02-01,1454.7710526315782,1516.6499199367477,1593.405778195703,1930,1689.9828005238485,1973.7910780121456,2291.955741301358,2790.1641665804495,1814.8710805045043
1949-03-01,1591.4552631578938,1647.4409085529314,1726.134879014617,2060,1822.3883310299548,2047.960786690764,2316.4064293622246,2790.1641665804495,1911.8946950457728
1949-04-01,1699.507894736841,1749.6003173662118,1830.0385892828697,1843,1925.8728815924649,2162.4040824492995,2401.0937873496346,2790.1641665804495,1999.6091560089083
1949-05-01,1762.4026315789465,1806.6018307026832,1888.5905932109872,2052,1983.9201984632527,2235.6202185197494,2326.204995749686,2790.1641665804495,2167.1452657785653
1949-06-01,1916.8763157894728,1955.1822897114127,2038.5277329042333,2039,2133.277185788944,2346.0933257640872,2472.071114176515,2790.1641665804495,2274.5903596323938
1949-07-01,2307.0868421052623,2339.499588121153,2424.007903099451,2351,2518.1118003477422,2620.8893689847305,2257.4501573669804,2790.1641665804495,2555.226573533194
1949-08-01,3411.8763157894728,3438.395827846536,3523.873209059796,3394,3617.2762094441778,2979.4157041120284,3010.173119015957,2790.1641665804495,2885.674329334049
1949-09-01,2662.0868421052623,2682.7131321167444,2768.9657560484266,3581,2861.6225803827588,2842.3305838671004,2495.4916675833683,2790.1641665804495,2697.8830197907355
1949-10-01,2193.034210526315,2207.7672754732785,2294.6013335390285,2489,2386.4767646785413,2973.493345926979,2660.463059549673,2790.1641665804495,2798.6678663615608
1949-11-01,2013.5078947368413,2022.3477315388857,2109.569415215811,2468,2200.638298057098,2497.920079385127,2621.0186164277416,2790.1641665804495,2375.91111053682
1949-12-01,1774.9815789473676,1777.9281869613233,1865.3436852893008,2134,1955.5909267703164,2192.079698636645,2368.7571239383074,2790.1641665804495,2125.0778898795343
1950-01-01,1598.1951754385957,1595.7396557802526,1711.2244619976525,1903,1799.6070959128483,2026.8871975790503,2104.025413670076,2790.1641665804495,1964.5944195216487
1950-02-01,1580.5635964912271,1573.1970613476833,1688.5203519306006,1719,1774.0046356123396,1998.9184935043052,2370.658729861881,2790.1641665804495,1893.6640645440743
1950-03-01,1717.247807017543,1704.9702542539198,1819.9705216678208,1617,1902.569032667789,2009.9268321090399,2309.61571008748,2790.1641665804495,1821.3442284509247
1950-04-01,1825.3004385964905,1808.1118673572528,1922.627602788264,1818,2002.3613036926504,1963.2397276786671,2353.1189088976384,2790.1641665804495,1798.452548291515
1950-05-01,1888.195175438596,1866.0955849837767,1979.965279502452,2067,2056.8635179319,2138.360064273562,2676.198414601885,2790.1641665804495,2003.43906124844
1950-06-01,2042.668859649122,2015.6582482825595,2128.720393915652,2457,2202.82090252527,2340.899747354121,2226.1089588277214,2790.1641665804495,2256.3582404805356
1950-07-01,2432.879385964912,2400.957750982352,2513.050840764705,2600,2584.399737244071,2818.1766688219,2213.259170884196,2790.1641665804495,2710.032884447187
1950-08-01,3537.668859649122,3500.836194997788,3611.798725312768,3530,3680.450512385941,3268.73856270422,2825.4631394395074,2790.1641665804495,3152.40690942853
1950-09-01,2787.879385964912,2746.1357035580486,2855.806152822998,2693,2921.823718248492,3390.1037663863995,3031.6966539246755,2790.1641665804495,3249.150405548702
1950-10-01,2318.8267543859643,2272.172051204635,2380.388912769081,2448,2443.843529339887,2783.7856298119054,2564.3816372291026,2790.1641665804495,2677.506776371219
1950-11-01,2139.3004385964905,2087.734711560295,2194.336478835228,2250,2255.307804378805,2455.194228348731,2512.880129268621,2790.1641665804495,2388.9371698954938
1950-12-01,1900.7741228070167,1844.297371272785,1949.1225352319632,1972,2007.69861261024,2169.8071228789254,2135.809960066924,2790.1641665804495,2077.960277231348
1951-01-01,1723.9877192982449,1663.091044381767,1794.047400197443,1682,1849.2867221219487,1936.638451584698,2186.17316392797,2790.1641665804495,1859.1166157493547
1951-02-01,1706.3561403508763,1641.5306542392505,1770.4196803214018,1730,1821.388286034684,1808.1051195913092,2292.7360769582197,2790.1641665804495,1660.3993257821198
1951-03-01,1843.040350877192,1774.286051435539,1900.9785421835145,1814,1947.787114140552,1848.2342666564746,2267.7370991789653,2790.1641665804495,1711.3930506141526
1951-04-01,1951.09298245614,1878.409868828925,2002.776617362732,1900,2045.542546046108,2057.0324307569863,2416.8460854754535,2790.1641665804495,1910.139243519108
1951-05-01,2013.9877192982449,1937.3757907455013,2059.2875900695763,2051,2098.1349739894404,2290.437931652974,2324.994242013435,2790.1641665804495,2197.7206199501206
1951-06-01,2168.461403508771,2087.9206583343366,2207.248302409315,2290,2242.307948103384,2535.449056969396,2389.7119043042244,2790.1641665804495,2445.502448450579
1951-07-01,2558.6719298245607,2474.202365324182,2590.8166491187885,2599,2622.2260711523577,2828.519233024182,2462.8614342785622,2790.1641665804495,2750.472369872036
1951-08-01,3663.461403508771,3575.0630136296704,3688.834735461154,3428,3716.738156427102,3085.907396232085,2842.1928803073347,2790.1641665804495,2990.3720391671545
1951-09-01,2913.6719298245607,2821.344726479984,2932.1446666995694,2262,2956.6930172183384,3020.4764875418964,2626.369231703103,2790.1641665804495,2895.589978198694
1951-10-01,2444.619298245613,2348.363278416623,2456.06223230772,2242,2477.4131510273346,2570.244992202781,2550.572454520763,2790.1641665804495,2472.3636981187165
1951-11-01,2265.0929824561395,2164.9081430623355,2269.376905969816,2103,2287.6947395658763,2231.1240356491858,2349.7134049932984,2790.1641665804495,2175.3427715121857
1951-12-01,2026.5666666666657,1922.4530070648784,2023.562371896383,1825,2039.0181750720635,2012.3376477309366,2078.266828088549,2790.1641665804495,1941.7370344891708
1952-01-01,1849.7802631578936,1742.228884463913,1867.918948325576,1670,1879.652548626759,1827.9375701761446,2138.86477809172,2790.1641665804495,1770.5281158286627
1952-02-01,1832.1486842105253,1721.650698611449,1843.75524184713,1681,1850.9123363438207,1865.2304111131537,2250.986643272323,2790.1641665804495,1722.9487884395446
1952-03-01,1968.832894736841,1855.3883000977903,1973.8104190407207,1713,1976.579671008463,1931.507322429862,2271.889026298611,2790.1641665804495,1813.043492899683
1952-04-01,2076.8855263157884,1960.4943217812288,2075.1371114852973,1954,2073.7122152203465,2042.6672463281454,2399.4921860602176,2790.1641665804495,1929.3327990923083
1952-05-01,2139.780263157894,2020.4424479878576,2131.209003391384,1876,2125.788684210665,2250.465959980149,2256.2809602024026,2790.1641665804495,2188.7958119266445
1952-06-01,2294.25394736842,2171.969519866745,2278.762936864247,2272,2269.5509511053606,2411.957214108789,2347.217140315687,2790.1641665804495,2347.3077894710123
1952-07-01,2684.4644736842097,2559.2334311466434,2661.956806640726,2612,2649.161941661955,2762.0346294521505,2459.6209678450346,2790.1641665804495,2698.3404498072923
1952-08-01,3789.25394736842,3661.076283742184,3759.632717983981,3590,3743.4687921643,2958.4057329789193,2851.9719680183994,2790.1641665804495,2867.163401909252
1952-09-01,3039.4644736842097,2908.34020088255,3002.6327761571656,2496,2983.3186388962195,2877.1535209005096,2585.539727548049,2790.1641665804495,2758.3510503959737
1952-10-01,2570.4118421052626,2436.340957109242,2526.272770633969,2441,2504.0323023520914,2568.8901784364148,2550.0062966446876,2790.1641665804495,2455.6446096051313
1952-11-01,2390.885526315789,2253.868026045008,2339.342175098599,2340,2314.404287236802,2236.9132837768084,2299.0609629979,2790.1641665804495,2179.536282159695
1952-12-01,2152.359210526315,2012.3950943376024,2093.3146737615825,2090,2065.91330878156,2042.7396992929089,2131.2022746397424,2790.1641665804495,1963.3221423090695
1953-01-01,1975.5728070175428,1833.1531760266896,1937.4905848610747,1812,1906.8267810603363,1901.2684667778929,2192.138506208669,2790.1641665804495,1838.1593571923597
1953-02-01,1957.9412280701745,1813.5571944642784,1913.1785149868097,1788,1878.457503180092,1879.1869966691963,2228.020588924534,2790.1641665804495,1719.9602782769712
1953-03-01,2094.6254385964903,1948.2770002406724,2043.1176307184635,1837,2004.585930919148,1930.088506998854,2212.0841700162405,2790.1641665804495,1790.5469723323645
1953-04-01,2202.678070175438,2054.365226214163,2144.360563634985,1993,2102.268049870273,2059.721233080054,2466.742697168256,2790.1641665804495,1916.164506507976
1953-05-01,2265.572807017543,2115.295556710845,2200.3809979468992,2021,2154.980898257765,2202.173535330412,2250.720147180231,2790.1641665804495,2116.355202168646
1953-06-01,2420.046491228069,2267.8048328797854,2347.915775759471,2199,2299.464672200672,2464.1044951837534,2351.0547106148474,2790.1641665804495,2367.1175818858505
1953-07-01,2810.257017543858,2656.050948449736,2731.122791809542,2622,2679.880620449626,2802.350212318402,2535.51435002941,2790.1641665804495,2715.1119715098253
1953-08-01,3915.0464912280695,3758.8760053353294,3828.84415136027,3787,3775.0742022815775,3064.1585435136512,2916.0136650310506,2790.1641665804495,2957.2898964731867
1953-09-01,3165.257017543858,3007.122126765748,3071.9219596748108,2914,3015.8908769734644,3079.4390770934233,2600.5639098037686,2790.1641665804495,2933.5571642661625
1953-10-01,2696.204385964911,2536.1050872824926,2595.672006226852,2487,2537.6497880127645,2863.4398180126395,2609.0216036009556,2790.1641665804495,2714.726989916177
1953-11-01,2516.678070175438,2354.6143605083103,2408.883764700602,2314,2349.143763097474,2453.0879921862925,2605.249654625821,2790.1641665804495,2362.503562582082
1953-12-01,2278.151754385964,2114.1236330909583,2163.030919306588,2139,2101.849840451908,2149.7865592254793,2263.0560478335387,2790.1641665804495,2069.454424931995
1954-01-01,2101.365350877192,1935.8639190700976,2007.413788282964,2124,1944.03375714314,1962.5872685871427,2190.16390736709,2790.1641665804495,1897.8198075484295
1954-02-01,2083.733771929824,1917.2501417977392,1983.340978219465,2214,1917.006635271239,2032.6800445114052,2316.4345420187065,2790.1641665804495,1859.2410716846566
1954-03-01,2220.41798245614,2052.952151864186,2113.551655695767,2234,2044.5472536076336,2171.0002587465046,2320.514667607173,2790.1641665804495,1967.4198924316847
1954-04-01,2328.470614035087,2160.022582127729,2215.09845229082,2279,2143.709920738196,2289.5736858194387,2649.9444195886745,2790.1641665804495,2086.727009053445
1954-05-01,2391.365350877192,2221.935116914464,2271.4550522151458,2423,2197.969997880334,2369.0265890564115,2536.1972269666135,2790.1641665804495,2243.4227864014465
1954-06-01,2545.8390350877185,2375.4265973734564,2419.358297574013,2290,2344.0660041462,2577.7031821310284,2342.4556955001717,2790.1641665804495,2468.5597429779136
1954-07-01,2936.049561403508,2764.65491723346,2802.96608310426,2903,2726.157511279528,2895.003059547997,2560.6151665739835,2790.1641665804495,2788.3410318574875
1954-08-01,4040.83903508772,3868.462178409106,3901.120514069047,4485,3823.088301550381,3289.307886593008,3061.9206855642556,2790.1641665804495,3138.1865906687945
1954-09-01,3291.049561403508,3117.6905041295768,3144.663695731529,3085,3065.7021572287995,3486.1041588881317,2799.9460572339453,2790.1641665804495,3245.052398312904
1954-10-01,2821.9969298245605,2647.6556689363742,2668.911417565393,2852,2589.316544795366,3010.2715526903467,2772.795618910762,2790.1641665804495,2797.122505982477
1954-11-01,2642.4706140350872,2467.147146452244,2482.653153254849,2629,2402.72261494119,2592.3888930531516,2971.1241385687513,2790.1641665804495,2444.261687299617
1954-12-01,2403.944298245613,2227.638623324945,2237.362587010421,2435,2157.3957288836828,2364.864363421011,2598.103620009877,2790.1641665804495,2239.01523142532
1955-01-01,2227.157894736841,2050.3611135941374,2082.3400370702666,2227,2001.5999466830297,2272.8129578974954,2513.4780330663702,2790.1641665804495,2168.132822303808
1955-02-01,2209.526315789473,2032.729540611831,2058.89411002412,1944,1976.6447134324087,2330.3284657233735,2300.89719298118,2790.1641665804495,2094.462680009878
1955-03-01,2346.210526315788,2169.41375496833,2189.763972451656,2125,2106.307130896349,2282.65341289352,2506.870796612836,2790.1641665804495,2048.3427930072044
1955-04-01,2454.263157894736,2277.4663895219264,2292.002255931823,2260,2207.6398306538304,2397.1340216467156,3122.147470400264,2790.1641665804495,2157.843870289688
1955-05-01,2517.157894736841,2340.361128598713,2349.0826446751485,2299,2264.116496915368,2529.282276636976,2619.0740144653623,2790.1641665804495,2376.9012499771925
1955-06-01,2671.6315789473674,2494.834813347759,2497.7419807868946,2323,2412.4739717862194,2672.6211210093174,2351.3561199214178,2790.1641665804495,2529.541706357052
1955-07-01,3061.842105263157,2885.0453374978147,2882.1381590039045,2659,2796.870150003224,3178.010019727776,2739.4826302689585,2790.1641665804495,3035.1116625190652
1955-08-01,4166.631578947367,3989.8348029635135,3981.1132845893353,3761,3896.147136829555,3528.3173224345364,3515.424485609004,2790.1641665804495,3375.467277003434
1955-09-01,3416.842105263157,3240.045332974037,3225.5094628063443,2779,3141.1470375283525,3366.87470144332,2770.209777392249,2790.1641665804495,3183.6911376430967
1955-10-01,2947.789473684209,2770.992702070887,2750.6424831286167,2761,2667.18564157331,3026.008262214015,2644.4176219313686,2790.1641665804495,2859.0011257658357
1955-11-01,2768.263157894736,2591.4663838768097,2565.3018192403624,2446,2483.052422648643,2721.0752380023323,2893.0167427250194,2790.1641665804495,2583.6314024398507
1955-12-01,2529.7368421052624,2352.940065039563,2320.961155352108,2278,2240.2210649648687,2460.860204050931,2656.3902702320315,2790.1641665804495,2332.9293892556175
1956-01-01,2352.95043859649,2176.6447595988075,2166.9208097020087,1879,2086.953951575275,2226.4710981946755,2500.119122221646,2790.1641665804495,2131.0785987368617
1956-02-01,2335.318859649122,2159.9953909065543,2144.489388879798,1881,2064.558850566149,2091.042718893066,2247.6799628161607,2790.1641665804495,1919.5842476624375
1956-03-01,2472.0030701754376,2297.661809553106,2276.406059465153,2165,2196.811186695124,2170.8367895997753,2389.577023175028,2790.1641665804495,2005.315855525732
1956-04-01,2580.055701754385,2406.696648396755,2379.723453037022,2199,2300.7619145342887,2373.6849886498544,2725.9133361001905,2790.1641665804495,2172.646514182817
1956-05-01,2642.95043859649,2470.5735917635943,2437.9152538059298,2308,2359.883041287265,2473.5947928011974,2465.4518555076725,2790.1641665804495,2336.8641341515163
1956-06-01,2797.424122807017,2626.029480802693,2587.7183038771423,2529,2510.9097320524124,2616.6339763582782,2424.3816075859004,2790.1641665804495,2478.7236090780893
1956-07-01,3187.634649122806,3017.222209242801,2973.2904979875,2573,2897.9982045596807,2995.5116546405698,2650.5603727777034,2790.1641665804495,2876.285374578762
1956-08-01,4292.424122807017,4122.993878998552,4073.473941400159,3946,3999.988887065346,3190.888227889864,3159.1262452113224,2790.1641665804495,3070.956639187225
1956-09-01,3542.634649122806,3374.186613299129,3319.1107393782795,3200,3247.722207825658,3270.801651947056,2642.2395755856987,2790.1641665804495,3100.4233136517355
1956-10-01,3073.582017543859,2906.116186686031,2845.5166813955466,2574,2776.512279307415,3101.0956342531285,2661.238819172036,2790.1641665804495,2907.4505816702767
1956-11-01,2894.055701754385,2727.5720727820067,2661.481241136168,2422,2595.146898187932,2590.235564501367,2847.5683016892776,2790.1641665804495,2457.02640199799
1956-12-01,2655.5293859649114,2490.027958234812,2418.478102810672,2446,2355.098071670841,2284.4329012746753,2561.0177063275396,2790.1641665804495,2160.1908795935815
1957-01-01,2478.7429824561395,2314.71485708411,2265.807584657212,2828,2204.626505802533,2122.2930908519334,2283.974815265497,2790.1641665804495,2024.0745470884385
1957-02-01,2461.1114035087708,2299.0476926819088,2244.778293265524,2879,2185.038291662404,2403.9852646251293,2435.406887279486,2790.1641665804495,2175.5882746570733
1957-03-01,2597.795614035087,2437.6963156185134,2378.1293952152832,2800,2320.107177001192,2641.8816534572866,2377.604046379996,2790.1641665804495,2368.10117170176
1957-04-01,2705.848245614034,2547.713358752215,2482.9135220854387,2835,2426.882439384088,2673.7445728570056,3075.734415918881,2790.1641665804495,2405.886756664579
1957-05-01,2768.7429824561395,2612.5725064091066,2542.604358086516,2585,2488.8344090078226,2739.1515987698936,3089.747474771344,2790.1641665804495,2557.7325148497193
1957-06-01,2923.216666666666,2769.010599738257,2693.9387453237778,2787,2642.69657396386,2740.5223829105926,2720.554078064225,2790.1641665804495,2603.8088847227405
1957-07-01,3313.4271929824554,3161.1855324684184,3081.074578534068,3334,3032.6234749752657,3041.21281914605,2628.5005338977307,2790.1641665804495,2874.9020025966392
1957-08-01,4418.216666666666,4267.939406514222,4182.853962980544,4746,4137.453863291408,3578.0479936321117,3171.378543874642,2790.1641665804495,3325.983635506637
1957-09-01,3668.427192982456,3520.114345104851,3430.11900392636,3613,3388.0264901616465,3732.928360829275,3094.2705709587035,2790.1641665804495,3395.098536718689
1957-10-01,3199.374561403508,3053.0261227818064,2958.185490845206,3463,2919.65379104589,3277.799204430784,3010.6365942942807,2790.1641665804495,2964.9498516606973
1957-11-01,3019.8482456140346,2875.4642131678343,2775.8428974212898,3274,2741.1218856145606,2966.3569128360505,3531.445351190619,2790.1641665804495,2740.8265845657743
1957-12-01,2781.3219298245604,2638.902302910693,2534.5649078651363,2801,2503.901104064388,2910.3469379207972,3301.8961359330865,2790.1641665804495,2695.3160998619123
1958-01-01,2604.5355263157885,2464.5714060500427,2383.6518404149024,2488,2356.250475434881,2850.462075880865,3188.2826595556635,2790.1641665804495,2666.805312082206
1958-02-01,2586.90394736842,2449.8864459378947,2364.412301660321,2386,2339.474413798531,2781.0341650042146,2672.379701129837,2790.1641665804495,2480.1851884180273
1958-03-01,2723.588157894736,2589.517273164552,2499.585458181071,2428,2477.344989899188,2736.9263425047106,2955.5049960825745,2790.1641665804495,2430.2552330799404
1958-04-01,2831.640789473683,2700.516520588306,2606.223941556097,2678,2586.909804295148,2766.818559685761,3633.6769649721764,2790.1641665804495,2449.3861535935616
1958-05-01,2894.5355263157885,2766.3578725352504,2667.8014359959284,2744,2651.637510176246,2865.8621507695498,2869.788740474872,2790.1641665804495,2615.53168132373
1958-06-01,3049.009210526315,2923.7781701544536,2821.054783605828,2772,2808.2599186270545,3139.8490327404434,2790.588780626455,2790.1641665804495,2897.4361401144974
1958-07-01,3439.2197368421043,3316.935307174668,3210.141879122635,3520,3200.9298933637456,3589.698327745854,3300.6111741469763,2790.1641665804495,3371.4422511862003
1958-08-01,4544.009210526315,4424.671385510524,4313.904827809511,3833,4308.484508628788,4071.864710893852,3801.713051189514,2790.1641665804495,3829.768708694411
1958-09-01,3794.219736842104,3677.828528391205,3563.1857349296106,3377,3561.760838664657,3799.4775931661443,3149.1605187635923,2790.1641665804495,3552.8969628165387
1958-10-01,3325.167105263157,3211.7225103582127,3093.30038995662,3013,3096.069641924363,3548.227617218505,3304.460215116844,2790.1641665804495,3309.430597398821
1958-11-01,3145.6407894736835,3035.1428050342934,2913.0382665747507,2871,2920.195361071428,3152.9350191963645,3446.0054010894305,2790.1641665804495,2936.6387978234693
1958-12-01,2907.1144736842098,2799.5630990672043,2673.873048994526,2592,2685.606649295699,2788.1857155777775,3200.7338130197686,2790.1641665804495,2598.5848563926106
1959-01-01,2730.328070175437,2626.214406496607,2525.105055454102,2375,2540.560858629786,2570.7711519478366,2832.8233700430947,2790.1641665804495,2366.1546023384694
1959-02-01,2712.696491228069,2612.511650674511,2508.0428925432143,2304,2526.360726139282,2503.289113895135,2506.0129716047595,2790.1641665804495,2260.1558170497005
1959-03-01,2849.380701754385,2753.1246821912214,2645.4257268415386,2464,2666.776645561149,2572.712580299102,2836.467122563757,2790.1641665804495,2306.9628065317825
1959-04-01,2957.4333333333325,2865.106133905028,2754.306189928024,2557,2778.854540446789,2757.2719397973933,3140.6656224480125,2790.1641665804495,2510.2825521190052
1959-05-01,3020.328070175437,2931.9296901420253,2818.1579660131924,2739,2846.0613869791323,2877.713643831314,2864.0495740198726,2790.1641665804495,2662.013158042718
1959-06-01,3174.801754385964,3090.332192051281,2973.717897202313,2714,3005.1273192358803,3115.523776980032,2760.6790916442196,2790.1641665804495,2915.7577555004495
1959-07-01,3565.0122807017533,3484.471533361547,3365.143878232225,3102,3400.203523926293,3425.9291870460656,3205.229160549328,2790.1641665804495,3229.9759640809248
1959-08-01,4669.801754385964,4593.189815987456,4471.278014366085,3961,4510.125398285945,3527.676794344613,3364.0151248501816,2790.1641665804495,3336.1985981596226
1959-09-01,3920.0122807017538,3847.329163158191,3722.9624108670528,3772,3765.7283395504255,3601.0744317154354,2987.5841667517616,2790.1641665804495,3363.900240413901
1959-10-01,3450.9596491228062,3382.2053494152506,3255.5128572088133,3245,3302.321429165846,3458.166428197526,2930.7773101352495,2790.1641665804495,3205.7088791096176
1959-11-01,3271.4333333333325,3206.6078483813835,3077.7188270755746,3104,3128.6874327888454,3106.786319575946,3284.1360929562434,2790.1641665804495,2875.1273917720227
1959-12-01,3032.9070175438587,2972.010346704348,2841.054004677863,2869,2896.29332660236,2799.179894493679,3199.417969248042,2790.1641665804495,2596.8036663095363
1960-01-01,2856.120614035087,2799.643858423803,2694.818708253837,2513,2753.394785632116,2599.790457055486,2954.1168132248267,2790.1641665804495,2406.859796856745
1960-02-01,2838.4890350877185,2786.92330689176,2680.321544393228,2385,2741.292869936812,2513.8792235477126,2587.050749047175,2790.1641665804495,2280.5326005865313
1960-03-01,2975.1732456140344,2928.5185426985217,2820.301679675712,2756,2883.7562962465145,2568.6445557232846,2669.930741739034,2790.1641665804495,2293.774347916063
1960-04-01,3083.225877192981,3041.482198702381,2931.811745680239,2927,2997.8293111057264,2793.13220649588,3123.0850744631907,2790.1641665804495,2498.41372296205
1960-05-01,3146.120614035087,3109.287959229431,2998.325426617333,2940,3066.977213690503,3003.958535626371,3070.166732373975,2790.1641665804495,2728.746208222466
1960-06-01,3300.594298245613,3268.6726654287395,3156.57956459226,3180,3227.928461071622,3124.3976004112174,2861.333486728675,2790.1641665804495,2881.7026830864497
1960-07-01,3690.804824561402,3663.794211029058,3550.7320543418605,3791,3624.8325629514734,3483.3633938059456,3171.85970164983,2790.1641665804495,3247.192608707333
1960-08-01,4795.594298245614,4773.49469794502,4659.625001129292,4093,4736.523239558735,3925.9831487834867,3602.3224206423547,2790.1641665804495,3674.6079375795484
1960-09-01,4045.804824561402,4028.616249405807,3914.1005102177137,4309,3993.834211122097,3896.8169035720866,3340.4320483795204,2790.1641665804495,3617.665934711219
1960-10-01,3576.752192982455,3564.4746399529195,3449.4743710808075,3532,3532.0728820807726,3752.714266068584,3209.5146243436475,2790.1641665804495,3445.3837203680637
1960-11-01,3397.225877192982,3389.8593432091056,3274.536057402788,3408,3360.020341084515,3370.003983245765,3571.525453824438,2790.1641665804495,3078.928119250598
1960-12-01,3158.699561403508,3156.2440458221217,3040.759253394176,2839,3129.1418873093635,3026.3426175869668,3672.994727908988,2790.1641665804495,2772.480116328981
1961-01-01,2981.913157894736,2984.85976183163,2897.4442772931297,2792,2987.691518774145,2686.3589822316494,3087.5434970454357,2790.1641665804495,2429.0772684274452
1961-02-01,2964.2815789473675,2973.121414589639,2885.899735689384,2798,2976.9686185306764,2676.9051225078024,2927.2455769728535,2790.1641665804495,2395.8911902393215
1961-03-01,3100.965789473684,3115.698854686454,3028.864795162616,3007,3120.7402263021195,2928.684717413531,2986.1150251075596,2790.1641665804495,2566.5431074460475
1961-04-01,3209.0184210526304,3229.644714980366,3143.392087291769,3086,3236.048911626096,3118.3487333328385,3315.9177351836224,2790.1641665804495,2770.967279153774
1961-05-01,3271.9131578947363,3298.432679797468,3212.955296287372,3201,3306.358296671749,3275.396065503055,3395.520401294125,2790.1641665804495,2936.053811062092
1961-06-01,3426.3868421052625,3458.7995902868297,3374.2912642546926,3428,3468.395161502982,3522.6054706491263,3350.146119573969,2790.1641665804495,3248.561257593706
1961-07-01,3816.597368421052,3854.9033401772,3771.557885930567,3754,3866.307338815272,3862.4399775943216,3607.9429280819504,2790.1641665804495,3583.896807473231
1961-08-01,4921.386842105262,4965.586031383215,4883.597266578155,4917,4978.926871830417,4095.260255662352,3621.5597845219536,2790.1641665804495,3817.061638051593
1961-09-01,4171.597368421051,4221.689787134054,4141.251511460614,3760,4237.0858037702,4412.502143375309,3669.4749497715998,2790.1641665804495,4049.0997130870533
1961-10-01,3702.5447368421046,3758.53038197122,3679.8364100516296,3609,3776.089862066963,3832.6822879283245,3542.776929481038,2790.1641665804495,3493.192305184001
1961-11-01,3523.018421052631,3584.8972895174584,3508.141436035411,3471,3604.718458363544,3416.169391633059,4050.0972015324983,2790.1641665804495,3124.4484446691067
1961-12-01,3284.492105263157,3352.264196420527,3277.640273622485,3347,3374.435214829099,3111.927996971015,3487.8169908804657,2790.1641665804495,2819.0360644704842
1962-01-01,3107.705701754385,3181.862116720088,3137.6332410510067,3333,3233.4924524755606,3044.583801568559,3334.7393061135617,2790.1641665804495,2761.9896133861093
1962-02-01,3090.0741228070165,3171.10597376815,3129.428944910709,3456,3223.1878773478365,3166.4691310098938,2908.002415668449,2790.1641665804495,2768.186035576833
1962-03-01,3226.7583333333323,3314.665618155017,3275.7665517812693,3569,3367.286852162213,3337.9641327960376,3319.7123516669953,2790.1641665804495,2934.897456698185
1962-04-01,3334.81096491228,3429.593682738982,3393.6986932416376,3900,3482.8302694494178,3475.762560144956,3989.511436893837,2790.1641665804495,3064.1397979298654
1962-05-01,3397.705701754385,3499.3638518461366,3466.699053502337,3909,3553.2800743716925,3695.274090934893,3568.6931154964345,2790.1641665804495,3343.6873548389726
1962-06-01,3552.1793859649115,3660.712966625552,3631.5044746686335,4098,3715.3613699860416,3890.2490648890935,3503.6292417300233,2790.1641665804495,3531.956984476165
1962-07-01,3942.389912280701,4057.798920805975,4032.272851477367,4826,4113.22031198106,4246.252933018337,3876.4339505556013,2790.1641665804495,3883.900052410625
1962-08-01,5047.179385964912,5169.463816302042,5147.846289191697,5770,5225.687266571649,4657.346267885751,4336.500119807718,2790.1641665804495,4232.896202214973
1962-09-01,4297.389912280701,4426.549776342934,4409.06689307478,5108,4483.592599972702,4595.68677149395,3816.5128918363002,2790.1641665804495,4119.4776913865635
1962-10-01,3828.3372807017536,3964.3725754701513,3951.250452600302,4360,4022.240362609651,4385.531406921543,4025.949315286094,2790.1641665804495,3893.0442081771816
1962-11-01,3648.81096491228,3791.7216873064426,3783.18644145247,4100,3850.40828911845,3914.6664509621323,4474.081996063588,2790.1641665804495,3482.121821873496
1962-12-01,3410.2846491228065,3560.0707984995643,3556.3485438418147,3562,3619.5583246613633,3636.3366413894423,4446.533016437975,2790.1641665804495,3230.6998253803067
1963-01-01,3233.498245614034,3390.650923089177,3420.037078006488,3284,3477.94111324342,3460.030060309513,4044.7510450184495,2790.1641665804495,3062.028477658749
1963-02-01,3215.866666666666,3380.8769844272915,3415.5606505362257,3278,3466.8526839026654,3474.5098368732547,3639.959241590969,2790.1641665804495,2995.467180123674
1963-03-01,3352.5508771929817,3525.418833104212,3565.6584280107027,3424,3610.056722348441,3642.4717061813576,3796.5142928309915,2790.1641665804495,3115.2871399508313
1963-04-01,3460.603508771929,3641.329101978229,3687.383042008868,3843,3724.592444104617,3879.5940767652123,4484.213456850241,2790.1641665804495,3366.2726880356236
1963-05-01,3523.498245614034,3712.0814753754366,3764.20817674125,3614,3793.9201173265337,4134.913231768567,4154.505419800165,2790.1641665804495,3671.8276612129957
1963-06-01,3677.97192982456,3874.412794444903,3932.870674313108,3536,3954.763168064304,4335.228509624991,3951.627983642402,2790.1641665804495,3929.7197972091612
1963-07-01,4068.18245614035,4272.480952915379,4337.528429461288,4505,4351.266074999623,4666.316945406132,4510.354954096373,2790.1641665804495,4298.652033399688
1963-08-01,5172.971929824561,5385.128052701499,5457.023547448944,5456,5462.257527340493,5115.545073075907,4715.841857998386,2790.1641665804495,4716.4317411126485
1963-09-01,4423.18245614035,4643.196217032444,4722.198133539236,4881,4718.566214294924,5134.745553806607,4178.271442832241,2790.1641665804495,4675.46790363166
1963-10-01,3954.1298245614025,4182.001220449714,4268.367977205847,4041,4255.494509281454,4716.356468194027,4099.803525216453,2790.1641665804495,4237.36603525824
1963-11-01,3774.603508771929,4010.332536576058,4104.32255213299,3724,4081.81846992914,4090.7974168439464,4600.366508972916,2790.1641665804495,3674.561683542771
1963-12-01,3536.077192982455,3779.663852059232,3881.53554253119,3525,3848.9983643933474,3556.832446411427,4595.440577730322,2790.1641665804495,3208.6632834999523
1964-01-01,3359.290789473683,3611.2261809388974,3749.3072666386,3437,3705.283159672219,3359.8150519388787,3872.0778811604428,2790.1641665804495,3016.973291778856
1964-02-01,3341.659210526315,3602.4344465670647,3748.9463310449582,3324,3691.967207796903,3439.758934410062,3148.074966177502,2790.1641665804495,2998.777731550462
1964-03-01,3478.343421052631,3747.958499534038,3903.191902329937,3977,3832.812517469853,3617.727289525621,3595.1749058083255,2790.1641665804495,3107.574267922849
1964-04-01,3586.396052631578,3864.8509726981074,4029.096612072485,4025,3944.8566272080297,3971.959132187994,4463.412071004384,2790.1641665804495,3457.2099656257487
1964-05-01,3649.290789473683,3936.5855503853672,4110.134144483133,4016,4011.558128159904,4012.0175153602463,4083.2823339958127,2790.1641665804495,3565.493122302389
1964-06-01,3803.76447368421,4099.899073744887,4283.04134166714,4031,4169.638769368665,4174.046198465222,3810.8542002086915,2790.1641665804495,3790.0034538312834
1964-07-01,4193.974999999999,4498.949436505416,4691.97609836135,4489,4563.241352509127,4651.99613706744,4254.443897051109,2790.1641665804495,4260.198536778131
1964-08-01,5298.76447368421,5612.578740581588,5815.780519828918,5563,5671.19288978242,4950.12664385719,4765.793247075461,2790.1641665804495,4547.254562323468
1964-09-01,4548.974999999999,4871.629109202585,5085.296711333004,5709,4924.320393389631,4975.032739177393,4261.543595565211,2790.1641665804495,4483.205141104906
1964-10-01,4079.922368421052,4411.416316909908,4635.840462347293,4620,4457.924559742411,4784.0057673791125,3929.8035094172633,2790.1641665804495,4245.022371355046
1964-11-01,3900.396052631578,4240.729837326305,4476.201246555993,4160,4280.779769462928,4242.071415789905,4591.60443904396,2790.1641665804495,3737.5481249636623
1964-12-01,3661.869736842104,4011.043357099531,4257.852748169634,4012,4044.34461369966,3791.4703900029544,4796.171020309735,2790.1641665804495,3368.4164026237772
1965-01-01,3485.0833333333326,3843.587890269249,4130.095285426367,3987,3896.866382443842,3618.5527480610504,4265.9238214944535,2790.1641665804495,3212.50927123663
1965-02-01,3467.451754385964,3835.778360187469,4134.237464915928,4155,3879.63775071972,3755.875373043759,3697.0387125046736,2790.1641665804495,3276.312261814375
1965-03-01,3604.13596491228,3982.2846174444944,4293.018453217997,4054,4016.4190502228894,4162.363842428258,3797.0010206656025,2790.1641665804495,3562.3684085767227
1965-04-01,3712.188596491227,4100.159294898617,4423.490881911514,4485,4124.246142463397,4223.6438286045595,4585.728660066421,2790.1641665804495,3624.241010430116
1965-05-01,3775.0833333333326,4172.87607687593,4509.128435207012,4558,4186.575941582794,4375.496540688275,4881.2529754240795,2790.1641665804495,3835.317891591505
1965-06-01,3929.5570175438593,4337.171804525502,4686.667955209753,4462,4340.12851961743,4556.83643403918,4292.24739581484,2790.1641665804495,4078.937971132093
1965-07-01,4319.767543859648,4737.204371576083,5100.267336656577,4594,4729.045001235174,4874.860051884147,4409.291293065215,2790.1641665804495,4413.352847905652
1965-08-01,5424.557017543859,5851.815879942307,6228.768684810644,6481,5832.150721630294,5258.797781239012,4955.783180400315,2790.1641665804495,4760.06765672657
1965-09-01,4674.767543859648,5111.848452853357,5503.014104935111,6345,5080.271015996967,5693.30888582126,4994.741746612747,2790.1641665804495,5102.097735374326
1965-10-01,4205.7149122807,4652.617864850734,5058.319386503661,5142,4608.70490373995,5404.20179646117,4508.182140032722,2790.1641665804495,4751.941800286754
1965-11-01,4026.188596491228,4482.913589557182,4903.474003200505,4824,4426.225088474546,4741.823934897787,4962.15515458293,2790.1641665804495,4166.661024710161
1965-12-01,3787.662280701754,4254.209313620462,4689.951639236172,4573,4184.28848434229,4349.467587929672,5270.723953293215,2790.1641665804495,3815.6899533219403
1966-01-01,3610.8758771929815,4087.736051080232,4567.052612848814,4158,4031.1407043275694,4192.867626078084,5031.939812813535,2790.1641665804495,3717.332180330816
1966-02-01,3593.2442982456128,4080.908725288505,4576.085530628166,4140,4008.0727464477113,4158.784027424856,4338.396122302144,2790.1641665804495,3595.8815237328727
1966-03-01,3729.928508771929,4228.397186835583,4739.7895591539045,4251,4138.843265391415,4271.422111597832,3900.561307160597,2790.1641665804495,3616.805516226372
1966-04-01,3837.981140350877,4347.254068579758,4875.217330004977,4734,4240.48644566184,4543.854681053253,5157.328142611202,2790.1641665804495,3853.443914507067
1966-05-01,3900.8758771929815,4420.953054847123,4965.842527391913,4858,4296.457524393651,4772.392640513547,5278.0842968987745,2790.1641665804495,4144.796958709524
1966-06-01,4055.349561403508,4586.230986786748,5148.401993419971,4798,4443.474896616282,4913.341432045387,4509.091159729862,2790.1641665804495,4342.963189251105
1966-07-01,4445.560087719297,4987.245758127382,5567.053622825997,5080,4825.678009990743,5289.70422921758,4716.517726022202,2790.1641665804495,4750.159162621556
1966-08-01,5550.349561403507,6102.839470783659,6700.6395208731465,6905,5921.890522704389,5932.942654836609,5726.632735049744,2790.1641665804495,5371.790325378542
1966-09-01,4800.560087719297,5363.854247984761,5980.001792824578,5504,5162.93609294449,6229.123445158964,5406.376126259702,2790.1641665804495,5592.417761435382
1966-10-01,4331.50745614035,4905.60586427219,5540.456228153974,5457,4684.112063108931,5478.950464278019,4869.983573501597,2790.1641665804495,4841.949018147094
1966-11-01,4151.981140350877,4736.883793268691,5390.792300545551,5198,4494.189459806077,5053.522221718619,5462.868678876427,2790.1641665804495,4456.621066172259
1966-12-01,3913.4548245614014,4509.161721622024,5182.483694209827,4890,4244.623520170654,4743.3698236055425,5294.501457290065,2790.1641665804495,4134.705671526692
